<envEvento versao="1.00" xmlns="http://www.portalfiscal.inf.br/nfe"><idLote>8916</idLote><evento versao="1.00" xmlns="http://www.portalfiscal.inf.br/nfe"><infEvento Id="ID210210000000000000000000000000000000000000891601"><cOrgao>35</cOrgao><tpAmb>1</tpAmb><CNPJ>00000000000001</CNPJ><chNFe></chNFe><dhEvento>2017-09-10T11:34:04-03:00</dhEvento><tpEvento>210210</tpEvento><nSeqEvento>1</nSeqEvento><verEvento>1.00</verEvento><detEvento versao="1.00"><descEvento>Ciencia da Operacao</descEvento></detEvento></infEvento></evento><evento versao="1.00" xmlns="http://www.portalfiscal.inf.br/nfe"><infEvento Id="ID210210000000000000000000000000000000000000891602"><cOrgao>35</cOrgao><tpAmb>1</tpAmb><CNPJ>00000000000001</CNPJ><chNFe></chNFe><dhEvento>2017-09-10T11:34:04-03:00</dhEvento><tpEvento>210210</tpEvento><nSeqEvento>1</nSeqEvento><verEvento>1.00</verEvento><detEvento versao="1.00"><descEvento>Ciencia da Operacao</descEvento></detEvento></infEvento></evento><evento versao="1.00" xmlns="http://www.portalfiscal.inf.br/nfe"><infEvento Id="ID210210000000000000000000000000000000000000891603"><cOrgao>35</cOrgao><tpAmb>1</tpAmb><CNPJ>00000000000001</CNPJ><chNFe></chNFe><dhEvento>2017-09-10T11:34:04-03:00</dhEvento><tpEvento>210210</tpEvento><nSeqEvento>1</nSeqEvento><verEvento>1.00</verEvento><detEvento versao="1.00"><descEvento>Ciencia da Operacao</descEvento></detEvento></infEvento></evento><evento versao="1.00" xmlns="http://www.portalfiscal.inf.br/nfe"><infEvento Id="ID210210000000000000000000000000000000000000891604"><cOrgao>35</cOrgao><tpAmb>1</tpAmb><CNPJ>00000000000001</CNPJ><chNFe></chNFe><dhEvento>2017-09-10T11:34:04-03:00</dhEvento><tpEvento>210210</tpEvento><nSeqEvento>1</nSeqEvento><verEvento>1.00</verEvento><detEvento versao="1.00"><descEvento>Ciencia da Operacao</descEvento></detEvento></infEvento></evento><evento versao="1.00" xmlns="http://www.portalfiscal.inf.br/nfe"><infEvento Id="ID210210000000000000000000000000000000000000891605"><cOrgao>35</cOrgao><tpAmb>1</tpAmb><CNPJ>00000000000001</CNPJ><chNFe></chNFe><dhEvento>2017-09-10T11:34:04-03:00</dhEvento><tpEvento>210210</tpEvento><nSeqEvento>1</nSeqEvento><verEvento>1.00</verEvento><detEvento versao="1.00"><descEvento>Ciencia da Operacao</descEvento></detEvento></infEvento></evento><evento versao="1.00" xmlns="http://www.portalfiscal.inf.br/nfe"><infEvento Id="ID210210000000000000000000000000000000000000891606"><cOrgao>35</cOrgao><tpAmb>1</tpAmb><CNPJ>00000000000001</CNPJ><chNFe></chNFe><dhEvento>2017-09-10T11:34:04-03:00</dhEvento><tpEvento>210210</tpEvento><nSeqEvento>1</nSeqEvento><verEvento>1.00</verEvento><detEvento versao="1.00"><descEvento>Ciencia da Operacao</descEvento></detEvento></infEvento></evento><evento versao="1.00" xmlns="http://www.portalfiscal.inf.br/nfe"><infEvento Id="ID210210000000000000000000000000000000000000891607"><cOrgao>35</cOrgao><tpAmb>1</tpAmb><CNPJ>00000000000001</CNPJ><chNFe></chNFe><dhEvento>2017-09-10T11:34:04-03:00</dhEvento><tpEvento>210210</tpEvento><nSeqEvento>1</nSeqEvento><verEvento>1.00</verEvento><detEvento versao="1.00"><descEvento>Ciencia da Operacao</descEvento></detEvento></infEvento></evento><evento versao="1.00" xmlns="http://www.portalfiscal.inf.br/nfe"><infEvento Id="ID210210000000000000000000000000000000000000891608"><cOrgao>35</cOrgao><tpAmb>1</tpAmb><CNPJ>00000000000001</CNPJ><chNFe></chNFe><dhEvento>2017-09-10T11:34:04-03:00</dhEvento><tpEvento>210210</tpEvento><nSeqEvento>1</nSeqEvento><verEvento>1.00</verEvento><detEvento versao="1.00"><descEvento>Ciencia da Operacao</descEvento></detEvento></infEvento></evento><evento versao="1.00" xmlns="http://www.portalfiscal.inf.br/nfe"><infEvento Id="ID210210000000000000000000000000000000000000891609"><cOrgao>35</cOrgao><tpAmb>1</tpAmb><CNPJ>00000000000001</CNPJ><chNFe></chNFe><dhEvento>2017-09-10T11:34:04-03:00</dhEvento><tpEvento>210210</tpEvento><nSeqEvento>1</nSeqEvento><verEvento>1.00</verEvento><detEvento versao="1.00"><descEvento>Ciencia da Operacao</descEvento></detEvento></infEvento></evento><evento versao="1.00" xmlns="http://www.portalfiscal.inf.br/nfe"><infEvento Id="ID210210000000000000000000000000000000000000891610"><cOrgao>35</cOrgao><tpAmb>1</tpAmb><CNPJ>00000000000001</CNPJ><chNFe></chNFe><dhEvento>2017-09-10T11:34:04-03:00</dhEvento><tpEvento>210210</tpEvento><nSeqEvento>1</nSeqEvento><verEvento>1.00</verEvento><detEvento versao="1.00"><descEvento>Ciencia da Operacao</descEvento></detEvento></infEvento></evento></envEvento>